var_id,var_name,code,label
V6,state_per_fv,01,
V6,state_per_fv,02,
V6,state_per_fv,03,
V6,state_per_fv,04,
V6,state_per_fv,05,
V6,state_per_fv,06,
V6,state_per_fv,07,
V6,state_per_fv,08,
V6,state_per_fv,09,
V6,state_per_fv,10,
V6,state_per_fv,11,
V6,state_per_fv,12,
V6,state_per_fv,13,
V6,state_per_fv,14,
V6,state_per_fv,15,
V6,state_per_fv,16,
V6,state_per_fv,17,
V6,state_per_fv,18,
V6,state_per_fv,19,
V6,state_per_fv,20,
V6,state_per_fv,21,
V6,state_per_fv,22,
V6,state_per_fv,23,
V6,state_per_fv,24,
V6,state_per_fv,25,
V6,state_per_fv,26,
V6,state_per_fv,27,
V6,state_per_fv,28,
V6,state_per_fv,29,
V6,state_per_fv,30,
V6,state_per_fv,31,
V6,state_per_fv,32,
V6,state_per_fv,33,
V6,state_per_fv,34,
V6,state_per_fv,35,
V6,state_per_fv,36,
V135,state_per_rv,01,
V135,state_per_rv,02,
V135,state_per_rv,03,
V135,state_per_rv,04,
V135,state_per_rv,05,
V135,state_per_rv,06,
V135,state_per_rv,07,
V135,state_per_rv,08,
V135,state_per_rv,09,
V135,state_per_rv,10,
V135,state_per_rv,11,
V135,state_per_rv,12,
V135,state_per_rv,13,
V135,state_per_rv,14,
V135,state_per_rv,15,
V135,state_per_rv,16,
V135,state_per_rv,17,
V135,state_per_rv,18,
V135,state_per_rv,19,
V135,state_per_rv,20,
V135,state_per_rv,21,
V135,state_per_rv,22,
V135,state_per_rv,23,
V135,state_per_rv,24,
V135,state_per_rv,25,
V135,state_per_rv,26,
V135,state_per_rv,27,
V135,state_per_rv,28,
V135,state_per_rv,29,
V135,state_per_rv,30,
V135,state_per_rv,32,
V135,state_per_rv,33,
V135,state_per_rv,34,
V135,state_per_rv,35,
V135,state_per_rv,36,
V136,district_per_rv,01,
V136,district_per_rv,02,
V136,district_per_rv,03,
V136,district_per_rv,04,
V136,district_per_rv,05,
V136,district_per_rv,06,
V136,district_per_rv,07,
V136,district_per_rv,08,
V136,district_per_rv,09,
V136,district_per_rv,10,
V136,district_per_rv,11,
V136,district_per_rv,12,
V136,district_per_rv,13,
V136,district_per_rv,14,
V136,district_per_rv,15,
V136,district_per_rv,16,
V136,district_per_rv,17,
V136,district_per_rv,18,
V136,district_per_rv,19,
V136,district_per_rv,20,
V136,district_per_rv,21,
V136,district_per_rv,22,
V136,district_per_rv,23,
V136,district_per_rv,24,
V136,district_per_rv,25,
V136,district_per_rv,26,
V136,district_per_rv,27,
V136,district_per_rv,28,
V136,district_per_rv,29,
V136,district_per_rv,30,
V136,district_per_rv,31,
V136,district_per_rv,32,
V136,district_per_rv,33,
V136,district_per_rv,34,
V136,district_per_rv,35,
V136,district_per_rv,36,
V136,district_per_rv,37,
V136,district_per_rv,38,
V136,district_per_rv,39,
V136,district_per_rv,40,
V136,district_per_rv,41,
V136,district_per_rv,42,
V136,district_per_rv,43,
V136,district_per_rv,44,
V136,district_per_rv,45,
V136,district_per_rv,46,
V136,district_per_rv,48,
V136,district_per_rv,49,
V136,district_per_rv,50,
V136,district_per_rv,51,
V136,district_per_rv,52,
V136,district_per_rv,53,
V136,district_per_rv,54,
V136,district_per_rv,55,
V136,district_per_rv,56,
V136,district_per_rv,57,
V136,district_per_rv,58,
V136,district_per_rv,59,
V136,district_per_rv,60,
V136,district_per_rv,61,
V136,district_per_rv,62,
V136,district_per_rv,63,
V136,district_per_rv,64,
V136,district_per_rv,65,
V136,district_per_rv,66,
V136,district_per_rv,69,
V136,district_per_rv,70,
V136,district_per_rv,71,
V264,state_hh_fv,01,
V264,state_hh_fv,02,
V264,state_hh_fv,03,
V264,state_hh_fv,04,
V264,state_hh_fv,05,
V264,state_hh_fv,06,
V264,state_hh_fv,07,
V264,state_hh_fv,08,
V264,state_hh_fv,09,
V264,state_hh_fv,10,
V264,state_hh_fv,11,
V264,state_hh_fv,12,
V264,state_hh_fv,13,
V264,state_hh_fv,14,
V264,state_hh_fv,15,
V264,state_hh_fv,16,
V264,state_hh_fv,17,
V264,state_hh_fv,18,
V264,state_hh_fv,19,
V264,state_hh_fv,20,
V264,state_hh_fv,21,
V264,state_hh_fv,22,
V264,state_hh_fv,23,
V264,state_hh_fv,24,
V264,state_hh_fv,25,
V264,state_hh_fv,26,
V264,state_hh_fv,27,
V264,state_hh_fv,28,
V264,state_hh_fv,29,
V264,state_hh_fv,30,
V264,state_hh_fv,31,
V264,state_hh_fv,32,
V264,state_hh_fv,33,
V264,state_hh_fv,34,
V264,state_hh_fv,35,
V264,state_hh_fv,36,
V265,dist_code_hh_fv,01,
V265,dist_code_hh_fv,02,
V265,dist_code_hh_fv,03,
V265,dist_code_hh_fv,04,
V265,dist_code_hh_fv,05,
V265,dist_code_hh_fv,06,
V265,dist_code_hh_fv,07,
V265,dist_code_hh_fv,08,
V265,dist_code_hh_fv,09,
V265,dist_code_hh_fv,10,
V265,dist_code_hh_fv,11,
V265,dist_code_hh_fv,12,
V265,dist_code_hh_fv,13,
V265,dist_code_hh_fv,14,
V265,dist_code_hh_fv,15,
V265,dist_code_hh_fv,16,
V265,dist_code_hh_fv,17,
V265,dist_code_hh_fv,18,
V265,dist_code_hh_fv,19,
V265,dist_code_hh_fv,20,
V265,dist_code_hh_fv,21,
V265,dist_code_hh_fv,22,
V265,dist_code_hh_fv,23,
V265,dist_code_hh_fv,24,
V265,dist_code_hh_fv,25,
V265,dist_code_hh_fv,26,
V265,dist_code_hh_fv,27,
V265,dist_code_hh_fv,28,
V265,dist_code_hh_fv,29,
V265,dist_code_hh_fv,30,
V265,dist_code_hh_fv,31,
V265,dist_code_hh_fv,32,
V265,dist_code_hh_fv,33,
V265,dist_code_hh_fv,34,
V265,dist_code_hh_fv,35,
V265,dist_code_hh_fv,36,
V265,dist_code_hh_fv,37,
V265,dist_code_hh_fv,38,
V265,dist_code_hh_fv,39,
V265,dist_code_hh_fv,40,
V265,dist_code_hh_fv,41,
V265,dist_code_hh_fv,42,
V265,dist_code_hh_fv,43,
V265,dist_code_hh_fv,44,
V265,dist_code_hh_fv,45,
V265,dist_code_hh_fv,46,
V265,dist_code_hh_fv,47,
V265,dist_code_hh_fv,48,
V265,dist_code_hh_fv,49,
V265,dist_code_hh_fv,50,
V265,dist_code_hh_fv,51,
V265,dist_code_hh_fv,52,
V265,dist_code_hh_fv,53,
V265,dist_code_hh_fv,54,
V265,dist_code_hh_fv,55,
V265,dist_code_hh_fv,56,
V265,dist_code_hh_fv,57,
V265,dist_code_hh_fv,58,
V265,dist_code_hh_fv,59,
V265,dist_code_hh_fv,60,
V265,dist_code_hh_fv,61,
V265,dist_code_hh_fv,62,
V265,dist_code_hh_fv,63,
V265,dist_code_hh_fv,64,
V265,dist_code_hh_fv,65,
V265,dist_code_hh_fv,66,
V265,dist_code_hh_fv,67,
V265,dist_code_hh_fv,68,
V265,dist_code_hh_fv,69,
V265,dist_code_hh_fv,70,
V265,dist_code_hh_fv,71,
V296,state_hh_rv,01,
V296,state_hh_rv,02,
V296,state_hh_rv,03,
V296,state_hh_rv,04,
V296,state_hh_rv,05,
V296,state_hh_rv,06,
V296,state_hh_rv,07,
V296,state_hh_rv,08,
V296,state_hh_rv,09,
V296,state_hh_rv,10,
V296,state_hh_rv,11,
V296,state_hh_rv,12,
V296,state_hh_rv,13,
V296,state_hh_rv,14,
V296,state_hh_rv,15,
V296,state_hh_rv,16,
V296,state_hh_rv,17,
V296,state_hh_rv,18,
V296,state_hh_rv,19,
V296,state_hh_rv,20,
V296,state_hh_rv,21,
V296,state_hh_rv,22,
V296,state_hh_rv,23,
V296,state_hh_rv,24,
V296,state_hh_rv,25,
V296,state_hh_rv,26,
V296,state_hh_rv,27,
V296,state_hh_rv,28,
V296,state_hh_rv,29,
V296,state_hh_rv,30,
V296,state_hh_rv,32,
V296,state_hh_rv,33,
V296,state_hh_rv,34,
V296,state_hh_rv,35,
V296,state_hh_rv,36,
V297,dist_code_hh_rv,01,
V297,dist_code_hh_rv,02,
V297,dist_code_hh_rv,03,
V297,dist_code_hh_rv,04,
V297,dist_code_hh_rv,05,
V297,dist_code_hh_rv,06,
V297,dist_code_hh_rv,07,
V297,dist_code_hh_rv,08,
V297,dist_code_hh_rv,09,
V297,dist_code_hh_rv,10,
V297,dist_code_hh_rv,11,
V297,dist_code_hh_rv,12,
V297,dist_code_hh_rv,13,
V297,dist_code_hh_rv,14,
V297,dist_code_hh_rv,15,
V297,dist_code_hh_rv,16,
V297,dist_code_hh_rv,17,
V297,dist_code_hh_rv,18,
V297,dist_code_hh_rv,19,
V297,dist_code_hh_rv,20,
V297,dist_code_hh_rv,21,
V297,dist_code_hh_rv,22,
V297,dist_code_hh_rv,23,
V297,dist_code_hh_rv,24,
V297,dist_code_hh_rv,25,
V297,dist_code_hh_rv,26,
V297,dist_code_hh_rv,27,
V297,dist_code_hh_rv,28,
V297,dist_code_hh_rv,29,
V297,dist_code_hh_rv,30,
V297,dist_code_hh_rv,31,
V297,dist_code_hh_rv,32,
V297,dist_code_hh_rv,33,
V297,dist_code_hh_rv,34,
V297,dist_code_hh_rv,35,
V297,dist_code_hh_rv,36,
V297,dist_code_hh_rv,37,
V297,dist_code_hh_rv,38,
V297,dist_code_hh_rv,39,
V297,dist_code_hh_rv,40,
V297,dist_code_hh_rv,41,
V297,dist_code_hh_rv,42,
V297,dist_code_hh_rv,43,
V297,dist_code_hh_rv,44,
V297,dist_code_hh_rv,45,
V297,dist_code_hh_rv,46,
V297,dist_code_hh_rv,48,
V297,dist_code_hh_rv,49,
V297,dist_code_hh_rv,50,
V297,dist_code_hh_rv,51,
V297,dist_code_hh_rv,52,
V297,dist_code_hh_rv,53,
V297,dist_code_hh_rv,54,
V297,dist_code_hh_rv,55,
V297,dist_code_hh_rv,56,
V297,dist_code_hh_rv,57,
V297,dist_code_hh_rv,58,
V297,dist_code_hh_rv,59,
V297,dist_code_hh_rv,60,
V297,dist_code_hh_rv,61,
V297,dist_code_hh_rv,62,
V297,dist_code_hh_rv,63,
V297,dist_code_hh_rv,64,
V297,dist_code_hh_rv,65,
V297,dist_code_hh_rv,66,
V297,dist_code_hh_rv,69,
V297,dist_code_hh_rv,70,
V297,dist_code_hh_rv,71,
